provincia,latitud,longitud,altitud,indicativo,nombre,indsinop
ILLES BALEARS,394924N,025309E,490,B013X,"ESCORCA, LLUC",08304
ILLES BALEARS,394744N,024129E,5,B051A,"SÓLLER, PUERTO",08316
ILLES BALEARS,394121N,023046E,60,B087X,BANYALBUFAR,
ILLES BALEARS,393446N,022208E,52,B103B,ANDRATX - SANT ELM,
BALEARES,393305N,022759E,50,B158X,"CALVIÀ, ES CAPDELLÀ",
ILLES BALEARS,393315N,023731E,3,B228,"PALMA, PUERTO",08301
ILLES BALEARS,393832N,023838E,95,B236C,"PALMA, UNIVERSITAT",
ILLES BALEARS,394406N,024247E,1030,B248,"SIERRA DE ALFABIA, BUNYOLA",08303
BALEARES,393621N,024224E,47,B275E,"SON BONET, AEROPUERTO",08302
BALEARES,393339N,024412E,5,B278,"PALMA DE MALLORCA, AEROPUERTO",08306
ILLES BALEARS,392247N,024706E,113,B301,"LLUCMAJOR, CAP BLANC",08308
ILLES BALEARS,392944N,025330E,140,B334X,LLUCMAJOR,
ILLES BALEARS,393022N,030020E,149,B341X,PORRERES,
ILLES BALEARS,393118N,030109E,120,B346X,PORRERES,08310
ILLES BALEARS,392421N,030351E,40,B362X,"CAMPOS, CAN SION",
ILLES BALEARS,392104N,030043E,3,B373X,"CAMPOS, SALINES LLEVANT",
ILLES BALEARS,390808N,025612E,165,B398A,"CABRERA, PARQUE NACIONAL DE CABRERA",
ILLES BALEARS,392024N,030845E,45,B410B,SANTANYÍ,
ILLES BALEARS,392452N,031618E,17,B434X,PORTOCOLOM  ,08309
ILLES BALEARS,393749N,032301E,25,B496X,SON SERVERA,
ILLES BALEARS,394119N,032104E,110,B526X,ARTÀ,
ILLES BALEARS,394300N,032841E,57,B569X,CAPDEPERA,08311
ILLES BALEARS,394323N,031643E,99,B603X,ARTÀ-COLÒNIA DE SANT PERE,
ILLES BALEARS,394748N,030617E,2,B605X,"MURO, S'ALBUFERA",
ILLES BALEARS,393325N,031304E,100,B614E,MANACOR,
ILLES BALEARS,393659N,030716E,95,B640X,PETRA,
ILLES BALEARS,393836N,030008E,120,B644B,SINEU,
ILLES BALEARS,393909N,024801E,121,B656A,SANTA MARÍA DEL CAMÍ,
ILLES BALEARS,394041N,025226E,105,B662X,BINISSALEM,
ILLES BALEARS,394734N,024716E,842,B684A,"ESCORCA, SON TORRELLA",
BALEARES,394454N,030055E,40,B691,LA PUEBLA (SA CANOVA),
BALEARES,394457N,030100E,32,B691Y,SA POBLA,08312
ILLES BALEARS,395237N,030127E,45,B760X,POLLENÇA,
ILLES BALEARS,395434N,030601E,2,B780X,PORT DE POLLENÇA,
ILLES BALEARS,395234N,041926E,78,B800X,"LA MOLA, MAÓ",
ILLES BALEARS,395926N,040511E,80,B825B,ES MERCADAL,
ILLES BALEARS,395934N,035114E,20,B860X,CIUTADELLA,
ILLES BALEARS,395641N,035724E,43,B870C,"CIUTADELLA, CALA GALDANA",
BALEARES,395117N,041256E,91,B893,"MENORCA, AEROPUERTO",08314
ILLES BALEARS,390322N,012933E,110,B908X,SANT JOAN DE LABRITJA,
ILLES BALEARS,385747N,011917E,32,B925,SANT ANTONI DE PORTMANY,
ILLES BALEARS,385235N,012304E,6,B954,"IBIZA, AEROPUERTO",08373
ILLES BALEARS,385522N,012629E,3,B957,EIVISSA,
ILLES BALEARS,384137N,012749E,24,B986,FORMENTERA,
LAS PALMAS,285811N,134125W,376,C018J,TÍAS,
LAS PALMAS,285132N,135006W,6,C019V,YAIZA PLAYA BLANCA,
LAS PALMAS,285707N,133601W,14,C029O,LANZAROTE AEROPUERTO,60040
LAS PALMAS,290837N,132921W,277,C038N,HARÍA,
LAS PALMAS,290233N,134051W,275,C048W,TINAJO,
STA. CRUZ DE TENERIFE,284521N,175343W,2223,C101A,ROQUE DE LOS MUCHACHOS,
STA. CRUZ DE TENERIFE,284538N,175908W,684,C117A,PUNTAGORDA,
STA. CRUZ DE TENERIFE,284029N,175612W,733,C117Z,TIJARAFE,
STA. CRUZ DE TENERIFE,283914N,175111W,844,C126A,EL PASO,
STA. CRUZ DE TENERIFE,282718N,175028W,19,C129V,FUENCALIENTE,
SANTA CRUZ DE TENERIFE,283545N,175455W,62,C129Z,TAZACORTE,60004
SANTA CRUZ DE TENERIFE,283759N,174518W,33,C139E,LA PALMA AEROPUERTO,60005
STA. CRUZ DE TENERIFE,284817N,174656W,362,C148F,SAN ANDRÉS Y SAUCES,
LAS PALMAS,280257N,142129W,15,C229J,PÁJARA,
LAS PALMAS,281231N,140123W,1,C239N,"TUINEJE,PUERTO GRAN TARAJAL",
LAS PALMAS,282501N,140109W,252,C248E,ANTIGUA,
LAS PALMAS,282641N,135147W,25,C249I,FUERTEVENTURA AEROPUERTO,60035
LAS PALMAS,283645N,135554W,217,C258K,LA OLIVA,
STA. CRUZ DE TENERIFE,280625N,171457W,1474,C314Z,"VALLEHERMOSO, ALTO IGUALERO  ",
STA. CRUZ DE TENERIFE,280742N,171854W,916,C316I,ARURE,
STA. CRUZ DE TENERIFE,281044N,171247W,765,C317B,AGULO,
STA. CRUZ DE TENERIFE,280315N,171823W,190,C319W,"VALLEHERMOSO, DAMA",
STA. CRUZ DE TENERIFE,280949N,171139W,252,C328W,HERMIGUA,
STA. CRUZ DE TENERIFE,280154N,171239W,219,C329B,"LA GOMERA, AEROPUERTO",60007
STA. CRUZ DE TENERIFE,280523N,170641W,15,C329Z,SAN SEBASTIÁN DE LA GOMERA,60008
STA. CRUZ DE TENERIFE,281327N,163734W,2150,C406G,"LA OROTAVA, CAÑADAS TEIDE",
STA. CRUZ DE TENERIFE,281311N,164219W,2071,C412N,CITFAGRO_89_CHAVAO,
STA. CRUZ DE TENERIFE,281819N,164820W,990,C415A,CITFAGRO_64_HOYOS,
STA. CRUZ DE TENERIFE,281400N,164721W,735,C417J,CITFAGRO_74_CHIO,
STA. CRUZ DE TENERIFE,281252N,164723W,476,C418I,CITFAGRO_05_GUIAISO1,
STA. CRUZ DE TENERIFE,281201N,164547W,700,C418L,CITFAGRO_76_POZO,
SANTA CRUZ DE TENERIFE,281225N,164731W,403,C419L,LOMO DEL BALO,60024
STA. CRUZ DE TENERIFE,280453N,164238W,130,C419X,ADEJE,
STA. CRUZ DE TENERIFE,281019N,163905W,1833,C422A,CITFAGRO_94_LOSTOPOS,
STA. CRUZ DE TENERIFE,281327N,163116W,1654,C423R,CITFAGRO_90_PICACHO,
STA. CRUZ DE TENERIFE,280839N,163741W,1258,C426E,CITFAGRO_13_VILAFLOR,
STA. CRUZ DE TENERIFE,280737N,163621W,880,C426I,CITFAGRO_77_PINAL,
STA. CRUZ DE TENERIFE,281301N,162926W,930,C426R,CITFAGRO_09_HELECHO,
STA. CRUZ DE TENERIFE,281051N,162860W,418,C428T,ARICO,
STA. CRUZ DE TENERIFE,280752N,162821W,135,C428U,CITFAGRO_01_ARICO,
SANTA CRUZ DE TENERIFE,280249N,163340W,64,C429I,TENERIFE SUR AEROPUERTO,60025
SANTA CRUZ DE TENERIFE,281830N,162959W,2369,C430E,IZAÑA,60010
STA. CRUZ DE TENERIFE,281935N,162420W,290,C436I,CITFAGRO_54_TOPONEGRO,
STA. CRUZ DE TENERIFE,282214N,162351W,525,C436L,CITFAGRO_96_ARAYA,
STA. CRUZ DE TENERIFE,281611N,162511W,500,C437E,CITFAGRO_81_MENA,
STA. CRUZ DE TENERIFE,282133N,162406W,463,C438N,CANDELARIA,
SANTA CRUZ DE TENERIFE,281906N,162256W,115,C439J,GÜÍMAR,60018
STA. CRUZ DE TENERIFE,283135N,161649W,868,C446G,"SAN CRISTÓBAL DE LA LAGUNA,LLANO DE LOS LOROS",
SANTA CRUZ DE TENERIFE,282839N,161946W,632,C447A,TENERIFE NORTE AEROPUERTO,60015
STA. CRUZ DE TENERIFE,282745N,161624W,136,C448C,CITFAGRO_92_SANTACRUZ,
SANTA CRUZ DE TENERIFE,282748N,161519W,36,C449C,STA.CRUZ DE TENERIFE,60020
STA. CRUZ DE TENERIFE,283029N,161144W,19,C449F,ANAGA ,
STA. CRUZ DE TENERIFE,283336N,161341W,305,C449Q,CITFAGRO_97_TAGANANA,
STA. CRUZ DE TENERIFE,282341N,162600W,1744,C453I,CITFAGRO_88_GAITERO,
STA. CRUZ DE TENERIFE,282142N,162949W,1065,C455M,CITFAGRO_87_AGUAMANSA,
STA. CRUZ DE TENERIFE,282714N,162431W,922,C456E,CITFAGRO_10_RAVELO,
STA. CRUZ DE TENERIFE,282141N,163248W,906,C456P,CITFAGRO_70_BENIJO,
STA. CRUZ DE TENERIFE,282222N,163231W,551,C456R,CITFAGRO_69_SUERTE,
STA. CRUZ DE TENERIFE,282658N,162617W,650,C457E,CITFAGRO_67_MATANZA,
STA. CRUZ DE TENERIFE,282604N,162716W,567,C457I,LA VICTORIA DE ACENTEJO,
STA. CRUZ DE TENERIFE,282947N,162512W,310,C458A,TACORONTE,
STA. CRUZ DE TENERIFE,282207N,163441W,595,C458U,CITFAGRO_71_PALOB,
STA. CRUZ DE TENERIFE,282505N,163254W,25,C459Z,PUERTO DE LA CRUZ,60012
STA. CRUZ DE TENERIFE,282021N,164740W,878,C466O,CITFAGRO_91_CUBO,
STA. CRUZ DE TENERIFE,282112N,164230W,525,C467I,CITFAGRO_73_REDON,
STA. CRUZ DE TENERIFE,282201N,164320W,218,C468I,CITFAGRO_98_ELDRAGO,
STA. CRUZ DE TENERIFE,282125N,164805W,450,C468O,CITFAGRO_62_TRIGO,
STA. CRUZ DE TENERIFE,282223N,163733W,667,C468X,SAN JUAN DE LA RAMBLA,
LAS PALMAS,275836N,153502W,1702,C611E,VEGA DE SAN MATEO,
LAS PALMAS,280025N,153556W,1514,C612F,"TEJEDA, CRUZ DE TEJEDA",
LAS PALMAS,275942N,153657W,1060,C614H,TEJEDA,60038
LAS PALMAS,280003N,154850W,10,C619I,LA ALDEA DE SAN NICOLÁS,60027
LAS PALMAS,280604N,154246W,5,C619X,AGAETE,
LAS PALMAS,280004N,154827W,13,C619Y,LA ALDEA DE SAN NICOLÁS,60027
LAS PALMAS,275536N,153559W,1220,C623I,"SAN BARTOLOME TIRAJANA, CUEVAS DEL PINAR",
LAS PALMAS,275125N,153842W,806,C625O,"SAN BARTOLOME TIRAJANA, LOMO PEDRO ALFONSO",
LAS PALMAS,275432N,154612W,318,C628B,"LA ALDEA DE SAN NICOLÁS, TASARTE",
LAS PALMAS,274648N,154240W,10,C629Q,"MOGÁN, PUERTO RICO",
LAS PALMAS,274859N,154551W,10,C629X,"MOGÁN, PUERTO",60036
LAS PALMAS,275512N,153427W,960,C635B,"SAN BARTOLOME TIRAJANA, LAS TIRAJANAS",
LAS PALMAS,274529N,153432W,45,C639M,"MASPALOMAS, C. INSULAR TURISMO ",
LAS PALMAS,274845N,152711W,41,C639U,"SAN BARTOLOME TIRAJANA, EL MATORRAL",
LAS PALMAS,275409N,152714W,306,C648C,AGÜIMES,
LAS PALMAS,275915N,152728W,344,C648N,"TELDE, CENTRO FORESTAL DORAMAS",
LAS PALMAS,275504N,152343W,24,C649I,GRAN CANARIA AEROPUERTO,60030
LAS PALMAS,275912N,152240W,9,C649R,"TELDE, MELENARA",
LAS PALMAS,280431N,153250W,683,C656V,TEROR,
LAS PALMAS,280430N,152703W,269,C658L,LAS PALMAS DE G.C. (TAFIRA CMT),
LAS PALMAS,280441N,152712W,269,C658X,"LAS PALMAS DE GRAN CANARIA, TAFIRA",
LAS PALMAS,280523N,152458W,55,C659H,"LAS PALMAS DE GRAN CANARIA, SAN CRISTOBAL",60029
LAS PALMAS,280647N,152517W,15,C659M,"LAS PALMAS DE GRAN CANARIA, PL. DE LA FERIA",60032
LAS PALMAS,280356N,153356W,900,C665T,VALLESECO,
LAS PALMAS,280540N,154030W,352,C668V,AGAETE - SUERTE ALTA,
LAS PALMAS,280830N,153024W,86,C669B,ARUCAS,
LAS PALMAS,274409N,153545W,6,C689E,MASPALOMAS,60037
LAS PALMAS,291355N,133007W,10,C839I,TEGUISE,
LAS PALMAS,291347N,133037W,19,C839X,LA GRACIOSA,60045
STA. CRUZ DE TENERIFE,274308N,175841W,948,C916Q,"EL PINAR, DEPÓSITO",
STA. CRUZ DE TENERIFE,274331N,180654W,713,C917E,"EL PINAR, LA DEHESA",
STA. CRUZ DE TENERIFE,273955N,180107W,98,C919K,TACORON-LAPILLAS-TORTUGA,
STA. CRUZ DE TENERIFE,274608N,175737W,1070,C925F,"SAN ANDRÉS, VALVERDE",
STA. CRUZ DE TENERIFE,274839N,175510W,670,C928I,VALVERDE,
SANTA CRUZ DE TENERIFE,274908N,175320W,32,C929I,HIERRO AEROPUERTO,60001
STA. CRUZ DE TENERIFE,274523N,180627W,20,C939T,"FRONTERA, SABINOSA",
TARRAGONA,405729N,005217E,32,0002I,VANDELLÒS  ,08169
TARRAGONA,411250N,005748E,406,0009X,ALFORJA,
TARRAGONA,410842N,010949E,71,0016A,REUS AEROPUERTO,08175
TARRAGONA,410915N,010632E,118,0016B,REUS (CENTRE LECTURA),
TARRAGONA,411735N,011539E,233,0034X,VALLS,
TARRAGONA,410726N,011457E,55,0042Y,TARRAGONA ,
BARCELONA,412501N,013109E,632,0061X,PONTONS,
BARCELONA,411949N,014037E,177,0066X,VILAFRANCA DEL PENEDÈS,
BARCELONA,411438N,015109E,58,0073X,SITGES,
BARCELONA,411734N,020412E,4,0076,BARCELONA AEROPUERTO,08181
BARCELONA,420605N,015127E,682,0092X,BERGA,
BARCELONA,415159N,015221E,361,0106X,BALSARENY,
BARCELONA,420025N,020136E,700,0114X,PRATS DE LLUÇANÈS,
BARCELONA,414848N,020543E,742,0120X,MOIÀ,
BARCELONA,414312N,015025E,291,0149D,MANRESA (LA CULLA),
BARCELONA,414312N,015025E,291,0149X,MANRESA,08174
BARCELONA,413540N,015021E,738,0158O,MONTSERRAT,
BARCELONA,413540N,015021E,738,0158X,MONISTROL DE MONTSERRAT,
BARCELONA,413444N,013704E,313,0171X,IGUALADA,08172
BARCELONA,412429N,015306E,647,0194D,"CORBERA, PUIG D'AGULLES",08179
BARCELONA,412506N,020727E,408,0200E,"BARCELONA, FABRA",
BARCELONA,412326N,021200E,26,0201D,"BARCELONA, PORT OLÍMPIC",08180
BARCELONA,412230N,021026E,11,0201X,"BARCELONA, DRASSANES",
BARCELONA,413646N,021006E,175,0222X,CALDES DE MONTBUI,
BARCELONA,413125N,020611E,146,0229I,SABADELL AEROPUERTO,08192
BARCELONA,413018N,022145E,56,0244X,VILASSAR DE DALT,
BARCELONA,413514N,023224E,74,0252D,ARENYS DE MAR,08186
BARCELONA,413903N,024149E,40,0255B,SANTA SUSANNA,08188
BARCELONA,414536N,022552E,936,0260X,FOGARS DE MONTCLÚS,
GIRONA,414037N,024818E,45,0281Y,BLANES,
GIRONA,414828N,030151E,14,0284X,CASTELL D'ARO,
GIRONA,415804N,030232E,51,0294B,LA BISBAL (D'EMPORDA 3),
GIRONA,421530N,022152E,851,0312X,SANT PAU DE SEGÚRIES,
GIRONA,421901N,020610E,1151,0320I,PLANOLES,
GIRONA,421322N,021002E,731,0321,CAMPDEVANOL,
GIRONA,421129N,021146E,675,0324A,RIPOLL,08118
BARCELONA,415049N,021321E,607,0341,TONA (ESCOLA),
BARCELONA,415049N,021321E,607,0341X,TONA,
BARCELONA,415534N,021903E,578,0349,SANT JULIÀ  DE VILATORTA,08119
GIRONA,420310N,023304E,337,0360X,LES PLANES D'HOSTOLES,
GIRONA,415251N,023048E,810,0363X,SANT HILARI,
GIRONA,415442N,024548E,143,0367,GIRONA AEROPUERTO,08184
GIRONA,415848N,024931E,95,0370B,"GIRONA, ANTIC INSTITUT",
GIRONA,415820N,024910E,76,0370E,GIRONA,
GIRONA,420616N,024549E,157,0372C,PORQUERES,08120
GIRONA,420314N,031205E,1,0385X,L'ESTARTIT,
GIRONA,421238N,022819E,350,0394X,LA VALL DE BIANYA,
GIRONA,421329N,030535E,2,0411X,CASTELLÓ D'EMPÚRIES,
GIRONA,422313N,024520E,355,0413A,MAÇANET DE CABRENYS,
GIRONA,422324N,030022E,100,0421E,ESPOLLA 'LES ALBERES',
GIRONA,422324N,030022E,100,0421X,ESPOLLA,
GIRONA,421533N,025737E,45,0429X,FIGUERES,
GIRONA,421909N,031856E,75,0433D,CABO DE CREUS,08121
NAVARRA,430809N,013235W,183,1002Y,"BAZTAN, IRURITA",08030
NAVARRA,431643N,014033W,54,1010X,BERA,
GIPUZKOA,431935N,014748W,120,1012P,IRUN,
GIPUZKOA,432125N,014732W,4,1014,"HONDARRIBIA, MALKARROA",08029
GIPUZKOA,432125N,014732W,4,1014A,DONOSTIA / SAN SEBASTIÁN AEROPUERTO,08029
GIPUZKOA,431250N,015244W,165,1021X,"ERRENTERIA, AÑARBE",
NAVARRA,431244N,014752W,305,1021Y,ARTICUTZA (AUTOMATICA),
GIPUZKOA,431823N,020228W,250,1024E,"DONOSTIA / SAN SEBASTIÁN, IGELDO",08027
GIPUZKOA,430056N,021524W,255,1025A,SEGURA,
GIPUZKOA,430317N,021355W,255,1025X,"BEASAIN, ARRIARAN",
GIPUZKOA,430329N,021103W,290,1026X,ORDIZIA,
NAVARRA,430506N,015703W,520,1033X,ARESO,
GIPUZKOA,430306N,022014W,460,1037X,LEGAZPI,
GIPUZKOA,430448N,021903W,420,1037Y,ZUMARRAGA,08037
GIPUZKOA,431021N,021602W,180,1038X,AZPEITIA,
GIPUZKOA,431808N,021504W,28,1041A,ZUMAIA,08026
ARABA/ALAVA,430328N,023523W,617,1044X,"ARAMAIO, ETXAGUEN",
GIPUZKOA,430130N,022757W,308,1048X,ARETXABALETA,
GIPUZKOA,430818N,022945W,470,1049N,ELGETA,
GIPUZKOA,431233N,022448W,119,1050J,ELGOIBAR,08036
GIPUZKOA,431902N,022350W,150,1052A,MUTRIKU,
BIZKAIA,432237N,023037W,12,1055B,LEKEITIO,08024
BIZKAIA,432033N,024016W,45,1056K,FORUA,
BIZKAIA,432714N,024510W,93,1057B,MATXITXAKO,
BIZKAIA,432230N,030118W,81,1059X,PUNTA GALEA,08059
ARABA/ALAVA,430301N,030020W,240,1060X,AMURRIO,
BIZKAIA,430547N,025137W,270,1064L,"OROZKO, IBARRA",
BIZKAIA,430557N,023839W,747,1069Y,"ABADIÑO, URKIOLA",
BIZKAIA,431210N,024222W,100,1074C,AMOREBIETA-ETXANO,
BIZKAIA,431050N,031235W,210,1078C,BALMASEDA,
BIZKAIA,431212N,030617W,208,1078I,GÜEÑES,08035
BIZKAIA,431753N,025423W,42,1082,BILBAO AEROPUERTO,08025
BIZKAIA,431647N,031007W,177,1083B,SOPUERTA,
CANTABRIA,432341N,031402W,45,1083L,CASTRO URDIALES,08020
CANTABRIA,431521N,032815W,80,1089U,RAMALES DE LA VICTORIA,
CANTABRIA,432348N,032811W,10,1096X,"BARCENA DE CICERO, TRETO",
CANTABRIA,431339N,034316W,849,1103X,SAN ROQUE DE RIOMIERA,
CANTABRIA,432526N,034932W,3,1109,SANTANDER AEROPUERTO,08021
CANTABRIA,432543N,034953W,3,1109X,SANTANDER AEROPUERTO,08021
CANTABRIA,432754N,034908W,64,1110,"SANTANDER, CIUDAD",
CANTABRIA,432928N,034802W,52,1111,SANTANDER,08023
CANTABRIA,432928N,034802W,51,1111X,SANTANDER,08023
CANTABRIA,431444N,035058W,196,1124E,VILLACARRIEDO,
CANTABRIA,430849N,041251W,460,1135C,"LOS TOJOS, BÁRCENA MAYOR",
CANTABRIA,431619N,040255W,105,1152C,SAN FELICES DE BUELNA,
CANTABRIA,432131N,040139W,110,1154H,"TORRELAVEGA, SIERRAPANDO",
CANTABRIA,432336N,042332W,38,1159,SAN VICENTE DE LA BARQUERA,08017
CANTABRIA,430838N,044846W,1100,1167B,"CAMALEÑO, FUENTE DE",
CANTABRIA,430918N,044811W,1910,1167G,"MIRADOR DEL CABLE, PARQUE NACIONAL PICOS DE EUROPA",
CANTABRIA,430521N,044626W,1722,1167J,"CORISCAO, PARQUE NACIONAL PICOS DE EUROPA",
CANTABRIA,431058N,043606W,250,1174I,"CILLÓRIGO DE LIÉBANA, TAMA",
CANTABRIA,431521N,044006W,940,1176A,TRESVISO,
ASTURIAS,431415N,044412W,1236,1178R,"SOTRES, PARQUE NACIONAL PICOS DE EUROPA",
LEON,430843N,045554W,953,1178Y,"POSADA DE VALDEÓN, SOTO ",
ASTURIAS,431840N,045110W,458,1179B,CABRALES,
ASTURIAS,432513N,044453W,10,1183X,LLANES,08016
ASTURIAS,431560N,050709W,370,1186P,"AMIEVA, PANIZALES",
ASTURIAS,432240N,052348W,280,1199X,"PILOÑA, BARGAÉU",
ASTURIAS,432932N,051450W,30,1203D,COLUNGA,
ASTURIAS,433123N,053716W,26,1207U,"GIJÓN, CAMPUS",08065
ASTURIAS,433220N,053815W,3,1208,GIJÓN,
ASTURIAS,433230N,053943W,22,1208A,GIJÓN. LA MERCED,
ASTURIAS,433335N,054203W,5,1208H,"GIJÓN, PUERTO",08014
ASTURIAS,433921N,055055W,100,1210X,CABO PEÑAS,08012
ASTURIAS,433401N,060239W,127,1212E,ASTURIAS AEROPUERTO,08011
ASTURIAS,425843N,054635W,1480,1221D,PAJARES-VALGRANDE,08031
ASTURIAS,430758N,054922W,370,1223P,"LENA, RONZÓN",
ASTURIAS,430543N,052837W,750,1226X,"ALLER, FELECHOSA",
ASTURIAS,431630N,054909W,170,1234P,"MIERES, BAIÑA",
ASTURIAS,432112N,055227W,336,1249I,OVIEDO,08015
ASTURIAS,432112N,055226W,334,1249X,OVIEDO,08015
ASTURIAS,431725N,062312W,280,1272B,"TINEO, SOUTU",
ASTURIAS,430600N,061525W,670,1276F,POLA DE SOMIEDO,
ASTURIAS,432530N,061351W,240,1279X,"SALAS, CAMUÑO",
ASTURIAS,433409N,062812W,60,1283U,CABO BUSTO,08010
LUGO,424607N,070103W,1020,1297E,CERVANTES,
ASTURIAS,425719N,062821W,1310,1302F,DEGAÑA,
ASTURIAS,430139N,065306W,780,1309C,"IBIAS, SAN ANTOLIN",
ASTURIAS,432756N,064024W,410,1327A,"VILLAYÓN, ONETA",
ASTURIAS,433129N,070153W,40,1331A,CASTROPOL,08009
ASTURIAS,432456N,070340W,340,1341B,"TARAMUNDI, OURIA",
LUGO,433226N,070459W,43,1342X,RIBADEO,
LUGO,432553N,072142W,125,1344X,MONDOÑEDO,
LUGO,433904N,072126W,80,1347T,BURELA,
A CORUÑA,434710N,074106W,90,1351,ESTACA DE BARES,08004
A CORUÑA,432835N,081544W,4,1354C,FERROL,08005
A CORUÑA,432645N,075141W,343,1363X,AS PONTES,
A CORUÑA,432157N,082517W,57,1387,A CORUÑA,08001
A CORUÑA,432148N,082631W,132,1387D,A CORUÑA BENS,08000
A CORUÑA,431825N,082219W,98,1387E,A CORUÑA AEROPUERTO,08002
A CORUÑA,431213N,084240W,98,1390X,"CARBALLO, DEPURADORA",
A CORUÑA,430938N,091239W,50,1393,CABO VILÁN,08006
A CORUÑA,430327N,090249W,287,1399,VIMIANZO,
A CORUÑA,425529N,091729W,230,1400,FISTERRA,08040
A CORUÑA,425607N,085937W,340,1406X,MAZARICOS,
A CORUÑA,430216N,080120W,500,1410X,SOBRADO,
A CORUÑA,425317N,082438W,370,1428,SANTIAGO DE COMPOSTELA AEROPUERTO,08042
A CORUÑA,424801N,085234W,128,1435C,NOIA,
A CORUÑA,424314N,085524W,685,1437O,MONTE IROITE,08043
A CORUÑA,423838N,085332W,10,1442U,BOIRO,
LUGO,424835N,074606W,680,1446X,MONTERROSO,
PONTEVEDRA,424240N,075714W,645,1455I,RODEIRO-VILAMAIOR,
PONTEVEDRA,423956N,081133W,463,1465U,LALIN-CRISTIMIL,
PONTEVEDRA,424203N,081528W,435,1466A,SILLEDA,
PONTEVEDRA,424137N,083007W,269,1468X,A ESTRADA,
A CORUÑA,424418N,083738W,100,1473A,PADRÓN,08039
A CORUÑA,425234N,083321W,240,1475X,SANTIAGO DE COMPOSTELA,08041
A CORUÑA,424459N,084253W,210,1476R,"ROIS, CASAS DO PORTO",
PONTEVEDRA,423456N,084611W,36,1477U,VILAGARCIA DE AROUSA,
PONTEVEDRA,423505N,084629W,32,1477V,VILAGARCÍA DE AROUSA,
PONTEVEDRA,422550N,083850W,19,1484,"PONTEVEDRA, INSTITUTO",
PONTEVEDRA,422618N,083657W,113,1484C,PONTEVEDRA,08044
PONTEVEDRA,422346N,084225W,3,1486E,ESCUELA NAVAL DE MARÍN,08043
PONTEVEDRA,422425N,082704W,395,1489A,A LAMA,
PONTEVEDRA,421419N,083726W,255,1495,VIGO AEROPUERTO,08045
PONTEVEDRA,421350N,084327W,120,1496X,VIGO ,
LUGO,430640N,072727W,442,1505,LUGO AEROPUERTO,08008
LUGO,425954N,073309W,442,1518A,LUGO,
LUGO,425043N,072958W,403,1521I,O PÁRAMO,
LUGO,425150N,071107W,1080,1521X,BECERREÁ,
LEON,425544N,062002W,958,1541B,VILLABLINO,
ASTURIAS,425939N,062451W,1530,1542,PUERTO DE LEITARIEGOS,08052
LEON,423350N,063600W,532,1549,PONFERRADA,08053
LEON,424558N,064025W,770,1561I,VEGA DE ESPINAREDA  ,
OURENSE,422456N,065935W,315,1583X,O BARCO DE VALDEORRAS,
OURENSE,422022N,071657W,840,1631E,A POBRA DE TRIVES,08051
OURENSE,421537N,072301W,990,1639X,CHANDREXA DE QUEIXA,
LUGO,423519N,071130W,612,1658,FOLGOSO DO COUREL,
LUGO,423154N,073039W,291,1679A,MONFORTE DE LEMOS,
OURENSE,421931N,075135W,146,1690A,OURENSE,08048
OURENSE,421956N,075152W,148,1690B,"OURENSE,INSTITUTO",
OURENSE,422805N,081641W,610,1696O,BEARIZ,
OURENSE,422517N,080533W,400,1700X,O CARBALLIÑO,08047
OURENSE,421760N,080745W,112,1701X,RIBADAVIA,
OURENSE,421058N,074746W,492,1706A,ALLARIZ,
PONTEVEDRA,421305N,081652W,560,1719,A CAÑIZA,
PONTEVEDRA,421056N,082934W,90,1723X,"PONTEAREAS, CANEDO   ",
PONTEVEDRA,415638N,085051W,55,1730E,O ROSAL,
OURENSE,420445N,074401W,616,1735X,XINZO DE LIMIA,08050
OURENSE,415603N,075920W,730,1738U,MUIÑOS,
CANTABRIA,432238N,040728W,150,1740,"SANTILLANA DEL MAR, ALTAMIRA",
SORIA,415804N,024658W,1197,2005Y,"VINUESA, QUINTANAREJO",
SORIA,415945N,022939W,1260,2017Y,"LA PÓVEDA DE SORIA, BARRIOMARTÍN",
SORIA,414630N,022859W,1081,2030,SORIA,08148
SORIA,413602N,023027W,1100,2044B,LUBIA,
SORIA,412510N,022513W,978,2048A,MORÓN DE ALMAZÁN,
SORIA,412059N,024700W,1042,2059B,LA RIBA DE ESCALOTE,
SORIA,414319N,030249W,960,2084Y,UCERO,
SORIA,413522N,030513W,932,2092,BURGO DE OSMA,
SORIA,412225N,031505W,1150,2096B,LICERAS,
BURGOS,414445N,032255W,955,2106B,CORUÑA DEL CONDE,
BURGOS,413957N,034434W,790,2117D,ARANDA DE DUERO,08144
SEGOVIA,412222N,033026W,993,2135A,FRESNO DE CANTESPINO,
SEGOVIA,412752N,034709W,1135,2140A,ALDEANUEVA DE SERREZUELA,
SEGOVIA,411131N,032831W,1798,2150H,"LA PINILLA, ESTACIÓN DE ESQUÍ",08143
VALLADOLID,413535N,040729W,756,2166Y,PEÑAFIEL,
VALLADOLID,413643N,042420W,725,2172Y,SARDÓN DE DUERO,
SEGOVIA,410802N,034725W,1107,2182C,PEDRAZA,
SEGOVIA,412301N,041556W,795,2192C,CUÉLLAR,
PALENCIA,425214N,043112W,1140,2235U,CERVERA DE PISUERGA,08058
PALENCIA,424753N,041638W,910,2243A,AGUILAR DE CAMPOO,
PALENCIA,423408N,043430W,908,2276B,VILLAELES DE VALDAVIA,
BURGOS,423126N,040004W,869,2285B,VILLADIEGO,
BURGOS,421504N,041156W,771,2290Y,PEDROSA DEL PRÍNCIPE,
SORIA,414632N,015836W,1039,2296A,ÓLVEGA,
BURGOS,415735N,030754W,1080,2298,PALACIOS DE LA SIERRA,08149
BURGOS,420847N,030635W,1197,2302N,MONTERRUBIO DE LA DEMANDA,
BURGOS,420619N,034604W,884,2311Y,VILLAMAYOR DE LOS MONTES,
BURGOS,422125N,033713W,891,2331,BURGOS AEROPUERTO,08075
PALENCIA,425338N,044249W,1575,2362C,"VELILLA DEL RÍO CARRIÓN, CAMPORREDONDO DE ALBA",
PALENCIA,422103N,043702W,830,2374X,CARRIÓN DE LOS CONDES,08068
PALENCIA,415944N,043610W,874,2400E,AUTILLA DEL PINO,08072
PALENCIA,420018N,043145W,750,2401,"PALENCIA, OBSERVATORIO",
PALENCIA,420034N,043338W,736,2401X,PALENCIA,
VALLADOLID,413826N,044515W,734,2422,VALLADOLID,08141
AVILA,403236N,050239W,1178,2430Y,MUÑOTELLO,
AVILA,403933N,044047W,1130,2444,ÁVILA,08210
AVILA,403924N,044201W,1143,2444C,"ÁVILA, AYUNTAMIENTO",
AVILA,404944N,044431W,920,2453E,GOTARRENDURA,
AVILA,410417N,044348W,820,2456B,AREVALO,
MADRID,404736N,040039W,1892,2462,PUERTO DE NAVACERRADA,08215
SEGOVIA,405643N,040735W,1008,2465,SEGOVIA,08213
SEGOVIA,405648N,040657W,990,2465A,"SEGOVIA, INSTITUTO",
SEGOVIA,404307N,041243W,1237,2471Y,SAN RAFAEL,
SEGOVIA,410735N,042233W,870,2482B,MIGUELAÑEZ,
SALAMANCA,402118N,054124W,1960,2491C,"LA COVATILLA, ESTACIÓN DE ESQUÍ",08205
VALLADOLID,411648N,044131W,786,2503B,"OLMEDO, DEPÓSITO DE AGUA",
VALLADOLID,411933N,044113W,740,2503X,OLMEDO,08142
VALLADOLID,412510N,045749W,724,2507Y,RUEDA,
AVILA,405256N,050107W,925,2512Y,RIVILLA DE BARAJAS,
VALLADOLID,411022N,045623W,755,2517A,FUENTE EL SOL,
ZAMORA,413254N,051617W,710,2536D,MORALES DEL TORO,
VALLADOLID,414243N,045120W,846,2539,VALLADOLID AEROPUERTO,08140
ZAMORA,411412N,052853W,811,2555B,FUENTESAUCO,
ZAMORA,413319N,053750W,702,2565,CORESES,
PALENCIA,423125N,045104W,985,2568D,"SANTERVÁS DE LA VEGA, VILLAPÚN ",
VALLADOLID,420539N,050228W,782,2593D,VILLALÓN DE CAMPOS,
VALLADOLID,415233N,050225W,731,2604B,MEDINA DE RIOSECO,
ZAMORA,415123N,053533W,690,2611D,VILLAFÁFILA,
ZAMORA,413056N,054407W,656,2614,ZAMORA,08130
LEON,425730N,050027W,1090,2624C,RIAÑO,
LEON,423712N,051136W,916,2626Y,CUBILLAS DE RUEDA,
LEON,430344N,052237W,1510,2630X,PUERTO DE SAN ISIDRO,08057
LEON,423518N,053904W,916,2661,"LEÓN, VIRGEN DEL CAMINO",08055
LEON,423558N,053837W,912,2661B,LEÓN AEROPUERTO,08055
LEON,421745N,053017W,788,2664B,VALENCIA DE DON JUAN,
LEON,425308N,055215W,1120,2701D,"BARRIOS DE LUNA, MIÑERA",
LEON,423854N,060415W,995,2728B,"QUINTANA DEL CASTILLO, VILLAMECA",
LEON,422836N,060428W,919,2734D,ASTORGA,
LEON,422239N,061148W,1020,2737E,LAGUNAS DE SOMOZA,08123
LEON,422759N,054647W,850,2742R,BUSTILLO DEL PÁRAMO,
ZAMORA,420039N,054000W,715,2755X,BENAVENTE,08056
ZAMORA,420457N,063823W,933,2766E,"SANABRIA, ROBLEDA-CERVANTES",
ZAMORA,415629N,061647W,850,2775X,VILLARDECIERVOS,08125
ZAMORA,420441N,060026W,737,2777K,SANTIBAÑEZ DE VIDRIALES,
ZAMORA,414708N,055432W,711,2789H,POZUELO DE TABARA,
ZAMORA,413202N,060831W,790,2804F,VILLADEPERA,
AVILA,402102N,050835W,1525,2811A,NAVARREDONDA DE GREDOS,08206
AVILA,402119N,053109W,1012,2828Y,BARCO DE AVILA,
SALAMANCA,404032N,053836W,865,2847X,PEDROSILLO DE LOS AIRES   ,
SALAMANCA,404356N,052158W,897,2863C,PEDRAZA DE ALBA  ,
SALAMANCA,405734N,052954W,790,2867,SALAMANCA AEROPUERTO,08202
SALAMANCA,405727N,053944W,775,2870,SALAMANCA,08201
SALAMANCA,405413N,054647W,817,2873X,BARBADILLO,
ZAMORA,411420N,055351W,1003,2882D,PEÑAUSENDE,08135
ZAMORA,411816N,060120W,804,2885K,FRESNO DE SAYAGO,
SALAMANCA,411546N,062744W,690,2891A,VILLARINO DE LOS AIRES,
SALAMANCA,404710N,061210W,785,2914C,BOADILLA FUENTE SAN ESTEBAN,
SALAMANCA,410041N,062616W,769,2916A,VITIGUDINO,08129
SALAMANCA,403410N,061325W,1027,2918Y,EL MAÍLLO,
SALAMANCA,405105N,063632W,748,2926B,BAÑOBÁREZ,
SALAMANCA,401748N,064846W,880,2930Y,NAVASFRÍAS,
SALAMANCA,402906N,063437W,805,2945A,EL BODÓN BASE AÉREA,
SALAMANCA,403806N,063600W,680,2946X,SAELICES EL CHICO,08195
ZAMORA,414100N,061805W,840,2966D,ALCAÑICES  ,
OURENSE,420138N,071059W,910,2969U,A GUDIÑA,
OURENSE,415536N,072519W,380,2978X,VERÍN,
GUADALAJARA,405030N,015244W,1062,3013,MOLINA DE ARAGÓN,08232
GUADALAJARA,404530N,021159W,1250,3021Y,ZAOREJAS,
CUENCA,403418N,020435W,1214,3040Y,BETETA,
CUENCA,403149N,020900W,928,3044X,CAÑIZARES,08230
GUADALAJARA,402428N,025711W,920,3085Y,PASTRANA,
CUENCA,400043N,030117W,819,3094B,TARANCÓN,08277
TOLEDO,395607N,032946W,733,3099Y,OCAÑA,
MADRID,400402N,033246W,540,3100B,ARANJUEZ,08229
GUADALAJARA,410013N,031807W,910,3103,PANTANO EL VADO,
MADRID,405323N,035318W,1159,3104Y,RASCAFRÍA,
MADRID,410025N,033650W,1030,3110C,BUITRAGO DEL LOZOYA,08146
MADRID,410808N,033450W,1450,3111D,SOMOSIERRA,08145
MADRID,403300N,033700W,672,3125Y,SAN SEBASTIÁN DE LOS REYES,
MADRID,403341N,034243W,740,3126Y,"MADRID, EL GOLOSO",
MADRID,402800N,033320W,609,3129,MADRID AEROPUERTO,08221
GUADALAJARA,410511N,023705W,1005,3130C,SIGÜENZA,08150
GUADALAJARA,405906N,024536W,990,3140Y,MANDAYONA,
GUADALAJARA,403805N,031000W,685,3168A,"GUADALAJARA, INSTITUTO",
GUADALAJARA,403933N,031024W,639,3168C,"GUADALAJARA, EL SERRANILLO",08226
GUADALAJARA,403749N,030901W,727,3168D,GUADALAJARA,08226
MADRID,403142N,031723W,605,3170Y,ALCALA DE HENARES,
MADRID,402919N,032637W,607,3175,TORREJÓN DE ARDOZ,08227
MADRID,401842N,032952W,533,3182Y,ARGANDA DEL REY,
MADRID,404146N,034554W,1004,3191E,COLMENAR VIEJO,08219
MADRID,402706N,034327W,664,3194U,"MADRID, CIUDAD UNIVERSITARIA",08220
MADRID,402654N,034848W,665,3194Y,POZUELO DE ALARCÓN,
MADRID,402443N,034041W,667,3195,"MADRID, RETIRO",08222
MADRID,402232N,034710W,690,3196,"MADRID, CUATRO VIENTOS",08223
MADRID,401758N,034320W,620,3200,GETAFE,08224
GUADALAJARA,404555N,025227W,835,3209Y,BRIHUEGA,
MADRID,401450N,031842W,594,3229Y,TIELMES,
TOLEDO,394146N,033021W,635,3245Y,TEMBLEQUE,
TOLEDO,394113N,034650W,717,3254Y,MORA,
TOLEDO,395134N,040132W,540,3259,"TOLEDO, LORENZANA",
TOLEDO,395305N,040243W,513,3260B,TOLEDO,08272
MADRID,404223N,040831W,1532,3266A,PUERTO ALTO DEL LEÓN,08217
MADRID,403935N,040103W,924,3268C,ALPEDRETE,
TOLEDO,393249N,042102W,917,3298X,SAN PABLO DE LOS MONTES,08270
TOLEDO,393750N,042837W,750,3305Y,NAVAHERMOSA,
AVILA,402023N,050046W,1285,3319D,PUERTO DEL PICO,
MADRID,401847N,042914W,890,3330Y,ROZAS DE PUERTO REAL,
AVILA,402803N,042721W,850,3337U,CEBREROS,
MADRID,402540N,041460W,763,3338,ROBLEDO DE CHAVELA,08212
MADRID,402948N,040340W,884,3343Y,VALDEMORILLO,
TOLEDO,400630N,044050W,560,3362Y,CASTILLO DE BAYUELA,
TOLEDO,395731N,045149W,372,3365A,TALAVERA DE LA REINA,08274
CACERES,393530N,052330W,923,3386A,NAVALVILLAR DE IBOR,
AVILA,401719N,043527W,630,3391,SOTILLO DE LA ADRADA,08208
AVILA,400821N,051841W,350,3422D,CANDELEDA,
CACERES,400914N,052224W,464,3423I,MADRIGAL DE LA VERA,
TOLEDO,395936N,050652W,345,3427Y,OROPESA,
CACERES,395645N,053457W,269,3434X,NAVALMORAL DE LA MATA,08254
CACERES,400640N,054705W,690,3436D,GARGANTA LA OLLA,
CACERES,394915N,060739W,406,3448X,SERRADILLA,
CACERES,394012N,054830W,559,3455X,JARAICEJO,
CACERES,392857N,055115W,503,3463X,TRUJILLO,08263
CACERES,392751N,055227W,523,3463Y,TRUJILLO,08263
CACERES,392833N,062235W,459,3469,"CÁCERES, CIUDAD",
CACERES,392817N,062020W,394,3469A,CÁCERES,08261
CACERES,394726N,062235W,373,3475X,CAÑAVERAL,
CACERES,402429N,061423W,470,3494U,NUÑOMORAL,
CACERES,401122N,061003W,393,3503,GUIJO DE GRANADILLA,
CACERES,401554N,055140W,724,3504X,HERVÁS,
CACERES,400451N,062020W,351,3512X,MONTEHERMOSO,
CACERES,401531N,054042W,991,3514B,TORNAVACAS,
CACERES,400715N,054957W,1260,3516X,PIORNAL,
CACERES,400235N,060509W,415,3519X,PLASENCIA,08252
CACERES,400013N,063327W,313,3526X,CORIA,08251
CACERES,401518N,062442W,459,3531X,TORRECILLA DE LOS ANGELES,
CACERES,401029N,064328W,560,3536X,HOYOS,
CACERES,395217N,065136W,336,3540X,ZARZA LA MAYOR,
CACERES,401226N,065346W,450,3547X,VALVERDE DEL FRESNO,
CACERES,392539N,064411W,321,3562X,ALISEDA,
CACERES,393705N,064442W,425,3565X,BROZAS,
CACERES,392453N,071352W,444,3576X,VALENCIA DE ALCÁNTARA,08260
ALBACETE,385757N,024442W,905,4007Y,OSSA DE MONTIEL,
CUENCA,400340N,024825W,875,4051Y,ALCÁZAR DEL REY,
TOLEDO,393550N,030254W,692,4061X,QUINTANAR DE LA ORDEN,08275
CIUDAD REAL,392327N,031257W,640,4064Y,ALCAZAR DE SAN JUAN,
TOLEDO,392931N,033142W,690,4067,MADRIDEJOS,08273
CUENCA,400108N,022343W,1020,4070Y,ABIA DE OBISPALIA,
CUENCA,395025N,023012W,870,4075Y,VILLARES DEL SAZ,
CUENCA,393101N,022945W,858,4089A,ALBERCA DE ZANCARA,
CUENCA,392500N,022514W,728,4090Y,SAN CLEMENTE,08256
ALBACETE,391543N,023533W,718,4091Y,VILLARROBLEDO,
CUENCA,393922N,024536W,763,4093Y,OSA DE LA VEGA,
CUENCA,393319N,024220W,745,4095Y,BELMONTE,
ALBACETE,390100N,022920W,918,4096Y,MUNERA,
CIUDAD REAL,391009N,030027W,662,4103X,TOMELLOSO,08276
CIUDAD REAL,385703N,034431W,626,4116I,ALMAGRO / FAMET,08349
CIUDAD REAL,385921N,035513W,626,4121,CIUDAD REAL,08348
CIUDAD REAL,385916N,035545W,627,4121C,"CIUDAD REAL, INSTITUTO",
CIUDAD REAL,384415N,030016W,900,4138Y,VILLANUEVA DE LOS INFANTES,
CIUDAD REAL,384502N,032329W,700,4147X,VALDEPEÑAS,08351
CIUDAD REAL,383105N,033400W,804,4148,VISO DEL MARQUÉS,08345
CIUDAD REAL,391301N,041658W,587,4193Y,EL ROBLEDO,
CIUDAD REAL,391915N,042342W,651,4195E,"ALCORNOQUERA, PARQUE NACIONAL CABAÑEROS",
CIUDAD REAL,385353N,041731W,718,4210Y,ABENÓJAR,
CIUDAD REAL,390501N,043719W,531,4220X,PUEBLA DE DON RODRIGO,08271
CACERES,392702N,050135W,689,4236Y,PUERTO REY ,
BADAJOZ,391010N,050344W,447,4244X,HERRERA DEL DUQUE,08264
CACERES,392719N,051960W,660,4245X,GUADALUPE,
BADAJOZ,382847N,053439W,542,4260,PERALEDA DEL ZAUCEJO,
CORDOBA,382434N,052102W,575,4263X,VALSEQUILLO,
CORDOBA,382954N,050717W,551,4267X,HINOJOSA DEL DUQUE,08335
CIUDAD REAL,384631N,045043W,535,4300Y,ALMADÉN,
BADAJOZ,384431N,053145W,459,4325Y,CASTUERA,
CACERES,391851N,052208W,590,4339X,CAÑAMERO,
BADAJOZ,390612N,052741W,313,4340,NAVALVILLAR DE PELA,
CACERES,391658N,054237W,413,4347X,ZORITA,
BADAJOZ,385720N,055250W,274,4358X,DON BENITO,08333
BADAJOZ,383435N,055045W,474,4362X,RETAMAL DE LLERENA,
BADAJOZ,381354N,060101W,655,4386B,LLERENA,08336
BADAJOZ,383306N,061824W,430,4395X,VILLAFRANCA DE LOS BARROS,
BADAJOZ,385457N,062308W,228,4410X,MÉRIDA,08331
CACERES,391151N,061352W,467,4411C,ALCUESCAR,
BADAJOZ,382533N,062612W,433,4427X,ZAFRA,
BADAJOZ,384120N,062140W,371,4436Y,ALMENDRALEJO,
BADAJOZ,385300N,064850W,186,4452,BADAJOZ AEROPUERTO,08330
BADAJOZ,391055N,065943W,283,4464X,ALBURQUERQUE,
BADAJOZ,391036N,063603W,392,4468X,PUEBLA DE OBANDO,
BADAJOZ,385310N,070034W,174,4478X,BADAJOZ,08329
BADAJOZ,384151N,070504W,275,4486X,OLIVENZA,
BADAJOZ,382905N,071655W,170,4489X,ALCONCHEL,
BADAJOZ,382822N,065524W,377,4492F,BARCARROTA,
BADAJOZ,382220N,070929W,247,4497X,VILLANUEVA DEL FRESNO,
BADAJOZ,380453N,061619W,771,4499X,MONESTERIO,
BADAJOZ,381231N,061841W,602,4501X,FUENTE DE CANTOS,
BADAJOZ,381755N,064554W,381,4511C,JEREZ DE LOS CABALLEROS,08337
BADAJOZ,381042N,063942W,586,4520X,FREGENAL DE LA SIERRA,
HUELVA,375849N,065833W,267,4527X,AROCHE,
HUELVA,373313N,073112W,60,4541X,EL GRANADO,
HUELVA,371141N,072342W,3,4549Y,AYAMONTE,08381
HUELVA,371306N,070501W,15,4554X,CARTAYA,
HUELVA,375207N,064030W,572,4560Y,ALAJAR,08380
HUELVA,373431N,064604W,280,4575X,VALVERDE DEL CAMINO,
HUELVA,374354N,065632W,270,4584X,EL CERRO DE ANDÉVALO,
HUELVA,373552N,070710W,276,4589X,"ALOSNO, THARSIS",
HUELVA,371524N,065659W,17,4605,HUELVA,
HUELVA,374038N,063748W,415,4608X,EL CAMPILLO,
HUELVA,372703N,063812W,145,4622X,VILLARRASA,
HUELVA,371642N,065442W,18,4642E,"HUELVA, RONDA ESTE",08383
CEUTA,355344N,051732W,200,5000A,"CEUTA, MONTE HACHO",
CEUTA,355319N,052049W,87,5000C,CEUTA,60320
JAEN,375457N,030014W,782,5038X,CAZORLA,08353
JAEN,375457N,030014W,799,5038Y,CAZORLA,
GRANADA,373021N,024406W,785,5047E,BAZA,08424
GRANADA,375141N,023910W,1100,5051X,HUÉSCAR,08423
ALMERIA,375139N,021341W,1190,5060X,VÉLEZ BLANCO - TOPARES,
GRANADA,370930N,031525W,2152,5103E,"CAMARATE 2, PARQUE NACIONAL SIERRA NEVADA",
GRANADA,371128N,031514W,1534,5103F,"CAMARATE, PARQUE NACIONAL SIERRA NEVADA",
GRANADA,371048N,025911W,1197,5107D,DÓLAR,
JAEN,375948N,032743W,771,5164B,BAEZA,
JAEN,374651N,033349W,910,5165X,TORRES,
JAEN,381853N,025323W,580,5181D,ARROYO DEL OJANCO,08352
JAEN,382921N,023815W,862,5192,VILLARRODRIGO,08354
JAEN,381030N,025953W,680,5210X,VILLANUEVA DEL ARZOBISPO,
JAEN,382040N,033207W,770,5246,SANTA ELENA,08350
JAEN,374635N,034720W,510,5270,"JAÉN, INSTITUTO",
JAEN,374639N,034833W,580,5270B,JAÉN,08417
JAEN,380904N,033746W,515,5279X,LINARES,
JAEN,380535N,034657W,345,5281X,BAILÉN,
JAEN,380123N,040348W,202,5298X,ANDÚJAR,08347
CIUDAD REAL,384008N,040333W,665,5304Y,PUERTOLLANO,
CIUDAD REAL,382544N,041806W,710,5341C,FUENCALIENTE,
CORDOBA,381112N,041621W,720,5346X,CARDEÑA,
CORDOBA,380048N,041949W,155,5361X,MONTORO,
CORDOBA,381959N,043632W,750,5390Y,VILLANUEVA DE CÓRDOBA,08346
CORDOBA,380115N,044748W,525,5394X,"CÓRDOBA, EMBALSE DE GUADANUÑO",
CORDOBA,375056N,045048W,90,5402,CÓRDOBA AEROPUERTO,08410
JAEN,372951N,035429W,908,5406X,ALCALÁ LA REAL,
CORDOBA,372905N,041228W,550,5412X,PRIEGO DE CÓRDOBA,
CORDOBA,373322N,042114W,650,5427X,DOÑA MENCÍA,08412
CORDOBA,374837N,042744W,275,5429X,"CÓRDOBA, PRÁGDENA",
CORDOBA,380640N,045543W,465,5459X,ESPIEL,
CORDOBA,374511N,050602W,120,5470,FUENTE PALMERA,
BADAJOZ,381604N,054110W,581,5473X,AZUAGA,
GRANADA,370352N,032217W,3092,5511,"PRADOLLANO, PARQUE NACIONAL SIERRA NEVADA",
GRANADA,370814N,033753W,687,5514,GRANADA BASE AÉREA,08420
GRANADA,370810N,033800W,695,5514Z,GRANADA BASE AÉREA,08420
GRANADA,371413N,033302W,1258,5515D,VÍZNAR,08421
GRANADA,371123N,033544W,775,5515X,GRANADA-CARTUJA,
GRANADA,370347N,032313W,2856,5516D,SIERRA NEVADA 'RADIOTELESCOPIO',08980
GRANADA,371125N,034723W,560,5530E,GRANADA AEROPUERTO,08419
GRANADA,370940N,040910W,760,5582A,LOJA,08414
CORDOBA,371351N,043252W,465,5598X,BENAMEJÍ,
SEVILLA,371140N,044612W,410,5612B,LA RODA DE ANDALUCÍA,08399
SEVILLA,371613N,044937W,450,5612X,LORA DE ESTEPA,
CORDOBA,372855N,044109W,309,5624X,AGUILAR DE LA FRONTERA,
CORDOBA,373819N,044550W,200,5625X,LA RAMBLA,
SEVILLA,373058N,050506W,130,5641X,ÉCIJA,08395
SEVILLA,374712N,052216W,200,5654X,LA PUEBLA DE LOS INFANTES,
SEVILLA,372950N,052559W,165,5656,FUENTES DE ANDALUCÍA,
SEVILLA,373356N,054426W,50,5702X,CARMONA,
SEVILLA,375535N,054611W,550,5704B,CAZALLA DE LA SIERRA,08392
SEVILLA,380558N,054909W,720,5726X,GUADALCANAL,
SEVILLA,374728N,060430W,450,5733X,ALMADÉN DE LA PLATA,
HUELVA,375825N,061920W,618,5769X,CALA,
SEVILLA,372500N,055245W,34,5783,SEVILLA AEROPUERTO,08391
SEVILLA,372142N,060335W,84,5788X,"TOMARES, ZAUDÍN",
SEVILLA,372151N,060021W,9,5790Y,"SEVILLA, TABLADA",
SEVILLA,370952N,053641W,87,5796,MORÓN DE LA FRONTERA,08397
SEVILLA,372136N,062003W,76,5835X,CARRIÓN DE LOS CÉSPEDES,
HUELVA,365919N,062635W,5,5858X,ALMONTE,
HUELVA,370553N,064417W,41,5860E,"MOGUER, EL ARENOSILLO",08384
SEVILLA,365712N,055048W,105,5891X,LAS CABEZAS DE SAN JUAN,
CADIZ,364500N,062402W,10,5906X,CHIPIONA,
CADIZ,363820N,061957W,21,5910,"ROTA, BASE NAVAL",08449
CADIZ,364538N,052227W,913,5911A,GRAZALEMA,08455
CADIZ,365554N,051534W,530,5919X,OLVERA,
CADIZ,364346N,053044W,295,5941X,EL BOSQUE,
CADIZ,363950N,054660W,105,5950X,SAN JOSÉ DEL VALLE,
CADIZ,364502N,060321W,27,5960,JEREZ DE LA FRONTERA AEROPUERTO,08451
CADIZ,362756N,061220W,28,5972X,SAN FERNANDO,08453
CADIZ,362959N,061528W,2,5973,CÁDIZ,08452
CADIZ,362422N,055513W,70,5983X,MEDINA SIDONIA,
CADIZ,361444N,055754W,186,5995B,VEJER DE LA FRONTERA,08457
CADIZ,361105N,055434W,4,5996B,BARBATE,
SEVILLA,371436N,050645W,255,5998X,OSUNA,
MELILLA,351635N,025723W,52,6000A,MELILLA,60338
CADIZ,360050N,053556W,32,6001,TARIFA,08458
MALAGA,364459N,051006W,766,6032B,RONDA,08443
MALAGA,364460N,051007W,760,6032X,RONDA INSTITUTO,
MALAGA,363240N,052311W,315,6040X,CORTES DE LA FRONTERA,
CADIZ,362608N,052342W,42,6042I,JIMENA DE LA FRONTERA,
MALAGA,363757N,051211W,676,6045X,ALPANDEIRE,
MALAGA,363107N,051907W,594,6050X,GAUCÍN,
CADIZ,361623N,051704W,1,6056X,SAN ROQUE  ,
MALAGA,362242N,051536W,140,6057X,MANILVA,
MALAGA,362501N,050918W,19,6058I,ESTEPONA,08463
MALAGA,363237N,050129W,392,6069X,BENAHAVÍS,
MALAGA,362904N,045711W,2,6076X,"MARBELLA, PUERTO",
MALAGA,362860N,044425W,2,6083X,MARBELLA,
MALAGA,363219N,043706W,8,6084X,FUENGIROLA,08480
MALAGA,363714N,043054W,85,6088X,TORREMOLINOS,
MALAGA,370126N,043345W,515,6100B,ANTEQUERA AYUNTAMIENTO (AUTOMÁTICA THIES),
MALAGA,370146N,044454W,408,6106X,ANTEQUERA,08413
MALAGA,365117N,044148W,172,6127X,ÁLORA,
MALAGA,363928N,044539W,230,6143X,COÍN,
MALAGA,363958N,042856W,7,6155A,MÁLAGA AEROPUERTO,08482
MALAGA,364304N,042854W,54,6156X,"MÁLAGA, CENTRO METEOROLÓGICO",08481
MALAGA,364260N,042511W,25,6172O,"MÁLAGA, PUERTO",08479
MALAGA,364260N,042511W,25,6172X,MÁLAGA,
MALAGA,364254N,041710W,7,6175X,RINCÓN DE LA VICTORIA,
MALAGA,364607N,040537W,41,6199X,VÉLEZ-MÁLAGA,
MALAGA,364521N,040238W,35,6201X,ALGARROBO,
MALAGA,364335N,035726W,3,6205X,TORROX,08484
MALAGA,364546N,035043W,169,6213X,NERJA,
GRANADA,365708N,032549W,1732,6248D,"CAÑAR, PARQUE NACIONAL SIERRA NEVADA",
GRANADA,365523N,032933W,708,6258X,LANJARÓN,
GRANADA,364454N,033443W,20,6267X,SALOBREÑA,
GRANADA,364322N,033149W,12,6268X,MOTRIL,08485
GRANADA,364326N,033145W,3,6268Y,"MOTRIL, PUERTO",
GRANADA,364403N,032248W,235,6272X,CASTELL DE FERRO,
ALMERIA,364450N,030114W,8,6277B,ADRA,08486
GRANADA,370019N,030417W,1020,6281X,VÁLOR,
ALMERIA,364629N,024847W,98,6291B,EL EJIDO,
ALMERIA,364113N,024206W,3,6293X,ROQUETAS DE MAR,08492
ALMERIA,364952N,022720W,7,6297,ALMERÍA,
GRANADA,370545N,025752W,2300,6299I,"LAGUNA SECA, PARQUE NACIONAL SIERRA NEVADA",
ALMERIA,370829N,024648W,869,6302A,ABLA,08427
ALMERIA,370311N,025350W,1713,6307C,"LAÚJAR, PARQUE NACIONAL SIERRA NEVADA",
ALMERIA,370160N,025445W,1510,6307X,LÁUJAR DE ANDARAX,
ALMERIA,370115N,024038W,601,6312E,"RÁGOL, PARQUE NACIONAL SIERRA NEVADA",
ALMERIA,365047N,022125W,21,6325O,ALMERÍA AEROPUERTO,08487
ALMERIA,364319N,021135W,42,6329X,CABO DE GATA,
ALMERIA,365849N,015413W,16,6332X,CARBONERAS,08488
ALMERIA,365632N,015425W,222,6332Y,CARBONERAS,08488
ALMERIA,370636N,024157W,970,6335O,"NACIMIENTO, PARQUE NACIONAL SIERRA NEVADA",
ALMERIA,371009N,014943W,28,6340X,GARRUCHA,
ALMERIA,372424N,020905W,508,6364X,ALBOX,
ALMERIA,372326N,015637W,300,6367B,HUÉRCAL-OVERA,08428
MALAGA,370756N,044431W,420,6375X,FUENTE DE PIEDRA,
ALMERIA,355618N,030210W,15,6381,ALBORÁN,08490
MURCIA,372502N,013513W,32,7002Y,ÁGUILAS,08432
MURCIA,373517N,011350W,66,7007Y,MAZARRÓN,
MURCIA,373604N,005916W,17,7012C,CARTAGENA,08434
MURCIA,373616N,010124W,56,7012D,CARTAGENA,08434
MURCIA,373809N,004256W,3,7019X,CARTAGENA/SALINAS CABO PALOS,
MURCIA,374827N,010741W,205,7020C,MURCIA AEROPUERTO,
MURCIA,374335N,011002W,140,7023X,FUENTE ÁLAMO DE MURCIA,
MURCIA,374420N,005803W,50,7026X,TORRE-PACHECO,
MURCIA,374720N,004812W,4,7031,SAN JAVIER AEROPUERTO,08433
MURCIA,374642N,004821W,4,7031X,SAN JAVIER AEROPUERTO,08433
ALBACETE,382336N,021308W,680,7066Y,"YESTE, EMBALSE FUENSANTA",
ALBACETE,380518N,022447W,1485,7067Y,NERPIO,
ALBACETE,381742N,021738W,960,7072Y,YESTE,
MURCIA,381606N,015911W,955,7080X,MORATALLA,
ALBACETE,383231N,014211W,605,7096B,HELLÍN,08355
ALBACETE,383517N,014122W,615,7103Y,TOBARRA,
MURCIA,380611N,015238W,643,7119B,CARAVACA DE LA CRUZ,08365
MURCIA,381403N,014208W,350,7121A,CALASPARRA,
MURCIA,380257N,014143W,690,7127X,BULLAS,
MURCIA,382732N,012007W,485,7138B,JUMILLA,
MURCIA,381358N,012250W,265,7145D,CIEZA,08363
MURCIA,380741N,011821W,150,7158X,ARCHENA,
MURCIA,380229N,012657W,255,7172X,MULA,
MURCIA,380007N,011015W,62,7178I,MURCIA,08430
MURCIA,375534N,020330W,985,7195X,"CARAVACA DE LA CRUZ, LOS ROYOS",
MURCIA,375041N,015211W,646,7203A,"LORCA, ZARCILLA DE RAMOS",
MURCIA,373917N,014114W,312,7209,LORCA,08426
MURCIA,373405N,014750W,445,7211B,PUERTO LUMBRERAS,
MURCIA,374531N,013046W,281,7218Y,TOTANA,
MURCIA,375142N,012005W,157,7227X,ALHAMA DE MURCIA,
MURCIA,375728N,011343W,75,7228,"ALCANTARILLA, BASE AÉREA",08429
MURCIA,380820N,010931W,170,7237E,MOLINA DE SEGURA,
ALICANTE,380404N,005853W,26,7244X,ORIHUELA,
ALICANTE,382359N,010217W,575,7247X,EL PINÓS/PINOSO,08357
MURCIA,381140N,010202W,174,7250C,ABANILLA,
ALICANTE,380517N,004255W,31,7261X,ROJALES,08367
MURCIA,383606N,010935W,640,7275C,YECLA,08356
VALENCIA,384648N,004745W,622,8005X,FONTANARS DELS ALFORINS,
ALICANTE,383437N,005156W,486,8008Y,VILLENA,
ALICANTE,382308N,004528W,233,8013X,NOVELDA,
ALICANTE,381715N,004050W,110,8018X,ELX/ELCHE,
ALICANTE,381658N,003415W,43,8019,ALICANTE-ELCHE AEROPUERTO,08360
ALICANTE,382221N,002939W,81,8025,ALACANT/ALICANTE,08359
ALICANTE,383237N,000816W,36,8036Y,BENIDORM,
ALICANTE,384703N,001000E,15,8050X,JÁVEA/ XÀBIA,08370
ALICANTE,385048N,000706W,60,8057C,PEGO,
VALENCIA,385544N,000545W,5,8058X,OLIVA,08282
VALENCIA,385701N,000816W,12,8058Y,MIRAMAR,
ALICANTE,384239N,002736W,530,8059C,ALCOI/ALCOY,
VALENCIA,390101N,001817W,340,8072Y,BARX,
CUENCA,401321N,015533W,1154,8084Y,PANTANO DE LA TOBA (AUTOMATICA),
CUENCA,400402N,020755W,949,8096,CUENCA,08231
CUENCA,393319N,015455W,830,8155Y,MOTILLA DEL PALANCAR,
ALBACETE,385715N,015123W,702,8175,ALBACETE BASE AÉREA,08280
ALBACETE,385615N,013932W,880,8177A,CHINCHILLA,08278
ALBACETE,390020N,015144W,674,8178D,ALBACETE,08279
VALENCIA,391230N,010540W,372,8193E,JALANCE,
ALBACETE,385102N,010347W,710,8198Y,ALMANSA,
VALENCIA,390458N,010603W,855,8203O,ZARRA,08283
CUENCA,400611N,013013W,1160,8210Y,SALVACAÑETE,
CUENCA,394252N,012633W,815,8245Y,MIRA,
VALENCIA,390801N,004724W,305,8270X,BICORP,
VALENCIA,384946N,003628W,350,8283X,ONTINYENT,
VALENCIA,390006N,003123W,88,8293X,XÀTIVA,08290
VALENCIA,390648N,002645W,25,8300X,CARCAIXENT,
VALENCIA,393432N,011441W,758,8309X,UTIEL,08281
VALENCIA,391105N,002219W,12,8325X,POLINYÀ DE XÚQUER,08287
VALENCIA,392332N,003729W,186,8337X,TURÍS,
TERUEL,402511N,012629W,1130,8354X,ALBARRACÍN,
TERUEL,402103N,010727W,902,8368U,TERUEL,08235
TERUEL,401410N,012442W,1430,8376,JABALOYAS,
VALENCIA,400338N,011701W,705,8381X,ADEMUZ,
VALENCIA,394512N,005937W,515,8395X,CHELVA,
VALENCIA,393950N,003914W,198,8409X,LLÍRIA,
VALENCIA,392906N,002829W,56,8414A,VALENCIA AEROPUERTO,08284
VALENCIA,392850N,002159W,11,8416,VALÈNCIA,08285
VALENCIA,392846N,002014W,6,8416X,"VALENCIA, UPV",
VALENCIA,392850N,002159W,11,8416Y,"VALÈNCIA, VIVEROS",08285
CASTELLON,394744N,002907W,400,8439X,SEGORBE,
VALENCIA,394203N,001532W,24,8446Y,SAGUNT/SAGUNTO,
TERUEL,402550N,005058W,1380,8458X,CEDRILLAS,
CASTELLON,400516N,003249W,601,8472A,MONTANEJOS,
TERUEL,402145N,002716W,1515,8486X,MOSQUERUELA,
CASTELLON,402600N,001520W,1130,8489X,VILLAFRANCA DEL CID/VILAFRANCA,08241
CASTELLON,401338N,001011W,420,8492X,ATZENETA DEL MAESTRAT,
CASTELLON,395726N,000419W,43,8500A,CASTELLÓ - ALMASSORA,08286
CASTELLON,395921N,000156W,23,8501,CASTELLÓ DE LA PLANA,
CASTELLON,401241N,001101E,35,8503Y,TORREBLANCA,
CASTELLON,404137N,000955E,1165,8520X,LA POBLA DE BENIFASSÀ-FREDES,
CASTELLON,403315N,002547E,111,8523X,VINARÒS,08239
CANTABRIA,425931N,040938W,870,9001D,REINOSA,08032
CANTABRIA,430212N,042228W,1650,9001S,ALTO CAMPOO,08061
BURGOS,425705N,035726W,915,9012E,SANTA GADEA DE ALFOZ,
CANTABRIA,424835N,040156W,770,9016X,"VALDERREDIBLE, CUBILLO DE EBRO",
CANTABRIA,424822N,035602W,720,9019B,"VALDERREDIBLE, POLIENTES   ",08033
BURGOS,424449N,035304W,1017,9027X,SARGENTES DE LA LORA,
BURGOS,423334N,031832W,730,9031C,BRIVIESCA,
BURGOS,425512N,032858W,580,9051,MEDINA DE POMAR,08063
ARABA/ALAVA,425231N,031354W,910,9060X,LALASTRA,
BURGOS,424114N,025738W,460,9069C,MIRANDA DE EBRO,
ARABA/ALAVA,424947N,022135W,660,9073X,"AGURAIN/SALVATIERRA, OPAKUA",
ARABA/ALAVA,425059N,023922W,521,9087,VITORIA AERÓDROMO,
ARABA/ALAVA,425255N,024406W,513,9091O,FORONDA-TXOKIZA,08080
ARABA/ALAVA,425219N,024358W,513,9091R,VITORIA-GASTEIZ AEROPUERTO,08080
BURGOS,422516N,031013W,820,9111,BELORADO,08077
LA RIOJA,421518N,025805W,1630,9115X,VALDEZCARAY,
LA RIOJA,423431N,025117W,465,9121X,HARO,
ARABA/ALAVA,423614N,024636W,612,9122I,LABASTIDA,
LA RIOJA,421351N,025216W,1006,9136X,"ANGUIANO, VALVANERA",
LA RIOJA,422451N,024336W,500,9141V,NÁJERA,
ARABA/ALAVA,423402N,023758W,575,9145X,LEZA,
LA RIOJA,422858N,023822W,429,9145Y,CENICERO,
LA RIOJA,422708N,021952W,353,9170,"LOGROÑO, AEROPUERTO",08084
NAVARRA,423413N,021102W,470,9171K,LOS ARCOS,
ARABA/ALAVA,424014N,022046W,570,9178X,CAMPEZO/KANPEZU,
LA RIOJA,420858N,021624W,855,9188,ENCISO,
HUESCA,424735N,003019W,2276,9195C,ASTÚN- LA RACA,08909
HUESCA,424458N,003058W,1197,9198X,CANFRANC,
HUESCA,423444N,003249W,823,9201K,JACA,08091
HUESCA,423447N,003242W,832,9201X,JACA,08091
HUESCA,424426N,004502W,860,9207,"VALLE DE HECHO, HECHO",
HUESCA,424231N,004022W,1025,9208E,ARAGÜÉS DEL PUERTO,08095
HUESCA,423051N,004902W,722,9211F,"BAILO, PUYALTO",
NAVARRA,425145N,005529W,838,9218A,ISABA/IZABA,
NAVARRA,425346N,011801W,635,9228J,OROZ-BETELU/OROTZ-BETELU,
NAVARRA,430028N,011932W,947,9228T,RONCESVALLES/ORREAGA,
NAVARRA,424303N,010702W,612,9238X,NAVASCUÉS/NABASKOZE,
ZARAGOZA,422927N,011248W,626,9244X,SOS DEL REY CATÓLICO,08090
NAVARRA,423117N,012159W,440,9245X,CÁSEDA,
NAVARRA,422921N,013920W,390,9252X,OLITE/ERRIBERRI,
NAVARRA,425814N,013101W,615,9257X,"ESTERIBAR, EMBALSE DE EUGI",
NAVARRA,424904N,013818W,450,9262,PAMPLONA,
NAVARRA,424204N,012944W,585,9262P,MONREAL/ELO,
NAVARRA,424637N,013900W,459,9263D,"PAMPLONA, AEROPUERTO",08085
NAVARRA,424634N,013157W,572,9263X,"ARANGUREN, ILUNDAIN",08089
NAVARRA,425508N,015006W,432,9274X,IRURTZUN,
NAVARRA,423258N,015127W,375,9280B,LARRAGA,
NAVARRA,421225N,014241W,268,9283X,CADREITA,08153
SORIA,420135N,021351W,1096,9287A,SAN PEDRO MANRIQUE,
LA RIOJA,421034N,014438W,371,9293X,"ALFARO, LA PLANA",
NAVARRA,421155N,012831W,295,9294E,"BARDENAS REALES, BASE AÉREA",08087
ZARAGOZA,415454N,014324W,475,9299X,TARAZONA,
NAVARRA,415732N,014126W,410,9301X,MONTEAGUDO,
NAVARRA,420320N,013634W,297,9302Y,TUDELA,
ZARAGOZA,420716N,010823W,321,9321X,EJEA DE LOS CABALLEROS,
ZARAGOZA,415903N,005945W,543,9336D,CASTEJON DE VALDEJASA,
SORIA,411259N,021735W,863,9344C,ARCOS DE JALÓN,
SORIA,413429N,020825W,1000,9352A,ALMAZUL,
ZARAGOZA,411735N,015343W,703,9354X,ALHAMA DE ARAGON,
TERUEL,403400N,011915W,1000,9374X,SANTA EULALIA DEL CAMPO,
GUADALAJARA,404643N,013406W,1185,9377Y,EL PEDREGAL,
TERUEL,405154N,011818W,932,9381,"CALAMOCHA, AERÓDROMO",
TERUEL,405534N,011736W,884,9381I,CALAMOCHA,08233
ZARAGOZA,410652N,012436W,774,9390,DAROCA,08157
ZARAGOZA,411952N,013843W,582,9394X,CALATAYUD,08156
ZARAGOZA,412852N,012251W,370,9427X,LA ALMUNIA DE DOÑA GODINA,
ZARAGOZA,413938N,010015W,249,9434,"ZARAGOZA, AEROPUERTO",08160
ZARAGOZA,413716N,005605W,258,9434P,"ZARAGOZA, VALDESPARTERA",08159
TERUEL,405943N,010515W,1255,9436X,FONFRÍA,
HUESCA,424545N,002334W,1800,9445L,"FORMIGAL, SARRIOS",08096
HUESCA,424216N,001631W,1850,9451F,"PANTICOSA, PETROSOS",08915
HUESCA,424157N,001908W,1100,9453X,"BIESCAS, EMBALSE DE BÚBAL",
HUESCA,423046N,002120W,775,9460X,SABIÑÁNIGO,
HUESCA,420146N,003509W,390,9491X,ALMUDÉVAR,
ZARAGOZA,414748N,003702W,405,9495Y,LECIÑENA,
ZARAGOZA,412635N,005309W,535,9501X,VALMADRID,
ZARAGOZA,412545N,003014W,205,9510X,QUINTO,
TERUEL,410152N,004820W,800,9513X,MUNIESA,
TERUEL,404943N,004734W,895,9531Y,MONTALBÁN,
TERUEL,411019N,002631W,305,9546B,HIJAR,
TERUEL,405828N,002428W,762,9550C,"ANDORRA, HORCALLANA",
TERUEL,404754N,001855W,755,9561X,CASTELLOTE,
CASTELLON,403718N,000607W,990,9562X,MORELLA,
CASTELLON,402955N,001112W,1220,9563X,CASTELLFORT,08237
TERUEL,405648N,001416W,466,9569A,CALANDA,08166
TERUEL,410329N,000830W,334,9573X,ALCAÑIZ,08164
ZARAGOZA,411433N,000407W,215,9574B,"CASPE, PLANA DEL PILÓN",08165
ZARAGOZA,413119N,001027W,357,9576C,BUJARALOZ,08165
GIRONA,421957N,015622E,1699,9585,LA MOLINA,08117
LLEIDA,422144N,014136E,1038,9590,MARTINET  ,
LLEIDA,422549N,014003E,1940,9590D,CAP DE REC,08940
LLEIDA,422117N,012746E,677,9619,LA SEU D'URGELL,08115
LLEIDA,421349N,013410E,1196,9632X,TUIXENT,
LLEIDA,420916N,011843E,609,9638D,COLL DE NARGÓ,
LLEIDA,414821N,012344E,435,9647X,TORÀ,
LLEIDA,415253N,010631E,400,9650X,ARTESA DE SEGRE,
LLEIDA,423730N,010734E,952,9657X,ESTERRI D'ÀNEU,
LLEIDA,423451N,010027E,1907,9660,SANT MAURICI (LLAC),
LLEIDA,422436N,011253E,2410,9677,PORT AINÉ,08938
LLEIDA,422759N,005927E,1273,9689X,TORRE DE CABDELLA ,
LLEIDA,421217N,005153E,807,9698U,TALARN,08112
LLEIDA,420401N,005426E,515,9707,LLIMIANA,
LLEIDA,414052N,011323E,463,9718X,TORDERA - GRANYANELLA,
LLEIDA,413902N,010858E,388,9720X,TÀRREGA,08173
LLEIDA,415224N,004522E,520,9724X,OS DE BALAGUER,
TARRAGONA,413326N,011834E,657,9726E,LLORAC,
LLEIDA,413701N,005160E,252,9729X,MOLLERUSSA,
LLEIDA,423012N,004756E,1089,9744B,VALL DE BOÍ,
HUESCA,421907N,004449E,760,9751,SOPEIRA,
HUESCA,420645N,002848E,765,9756X,BENABARRE,
LLEIDA,413702N,003716E,199,9771,"LLEIDA, OBSERVATORIO",
LLEIDA,413734N,003553E,186,9771C,LLEIDA,08171
LLEIDA,412158N,005449E,673,9772X,LA POBLA DE CÉRVOLES,
LLEIDA,412449N,004042E,392,9775X,EL SOLERÀS,
LLEIDA,412336N,004403E,488,9776D,ELS TORMS,
HUESCA,423748N,001329E,992,9784P,BIELSA,08103
HUESCA,422518N,000817E,610,9808X,"AÍNSA-SOBRARBE, LA SERRETA",
HUESCA,423919N,000557W,1206,9812M,"PARADOR DE ORDESA, PARQUE NACIONAL ORDESA Y MONTEPERDIDO",
HUESCA,423736N,000642W,1020,9814A,TORLA,08101
HUESCA,423922N,000728W,1905,9814I,"TORLA-ORDESA, EL CEBOLLAR",08919
HUESCA,423815N,000643W,1076,9814X,TORLA - ORDESA,
HUESCA,423558N,003114E,1120,9838B,BENASQUE,
HUESCA,423318N,003235E,2374,9839V,"CERLER, COGULLA",08923
HUESCA,422837N,002603E,825,9843A,SEIRA,
HUESCA,421205N,002758E,600,9855E,"CAPELLA, LAGUARRES",
HUESCA,420117N,000826E,305,9866C,BARBASTRO,
HUESCA,414757N,000939W,300,9894Y,SARIÑENA,
HUESCA,420504N,001932W,546,9898,"HUESCA, AEROPUERTO",08094
HUESCA,420820N,002342W,463,9901X,HUESCA,
HUESCA,414626N,001959W,380,9908X,LANAJA,
HUESCA,413710N,001116E,178,9911X,BALLOBAR,
HUESCA,414651N,002237E,218,9918Y,"TAMARITE DE LITERA, LA MELUSA",
HUESCA,413129N,002120E,170,9924X,FRAGA,
TERUEL,405224N,000847E,483,9935X,VALDERROBRES,
TARRAGONA,405711N,001842E,495,9946X,HORTA DE SANT JOAN,
TARRAGONA,411038N,002112E,370,9947X,LA POBLA DE MASSALUCA,
TARRAGONA,411458N,004407E,363,9961X,CABACÉS,
TARRAGONA,410018N,003649E,112,9975X,RASQUERA,
TARRAGONA,404913N,002936E,50,9981A,ESTACIÓN DE TORTOSA (ROQUETES),08238
TARRAGONA,404157N,004836E,1,9987P,SANT JAUME D'ENVEJA,08240
LLEIDA,424131N,005826E,2467,9988B,CAP DE VAQUÈIRA,08936
LLEIDA,424201N,005237E,1161,9990X,"NAUT ARAN, ARTIES ",08107
LLEIDA,424634N,004123E,722,9994X,BOSSÒST,
NAVARRA,430528N,011803W,334,9995Y,VALCARLOS/LUZAIDE,
TERUEL,405517N,012940W,1006,9998X,BELLO,
